drop table if exists diaries;
create table diaries (
id int primary key auto_increment,
body text,
fulltext index body_index (body)
comment 'parser "TokenBigramSplitSymbolAlphaDigit"'
) comment = 'engine "innodb"' default charset utf8;
show create table diaries;
Table	Create Table
diaries	CREATE TABLE `diaries` (
  `id` int(11) NOT NULL AUTO_INCREMENT,
  `body` text,
  PRIMARY KEY (`id`),
  FULLTEXT KEY `body_index` (`body`) COMMENT 'parser "TokenBigramSplitSymbolAlphaDigit"'
) ENGINE=Mroonga DEFAULT CHARSET=utf8 COMMENT='engine "innodb"'
insert into diaries (body) values ("will start groonga!");
insert into diaries (body) values ("starting groonga...");
insert into diaries (body) values ("started groonga.");
select * from diaries;
id	body
1	will start groonga!
2	starting groonga...
3	started groonga.
select * from diaries where match(body) against("start");
id	body
1	will start groonga!
2	starting groonga...
3	started groonga.
drop table diaries;
