DROP TABLE IF EXISTS ids;
DROP FUNCTION IF EXISTS last_insert_grn_id;
CREATE TABLE ids (
id int AUTO_INCREMENT PRIMARY KEY
) COMMENT='ENGINE "InnoDB"';
SELECT last_insert_grn_id();
last_insert_grn_id()
0
INSERT INTO ids VALUES();
SELECT last_insert_grn_id();
last_insert_grn_id()
0
SELECT * FROM ids;
id
1
DROP TABLE ids;
DROP FUNCTION last_insert_grn_id;
